{"cameraMode":{"drawMode":0,"name":"Shaded","section":"Shading Mode"},"sceneLighting":true,"audioPlay":false,"sceneViewState":{"showFog":true,"showMaterialUpdate":false,"showSkybox":true,"showFlares":true,"showImageEffects":true,"showParticleSystems":true,"showVisualEffectGraphs":true,"m_FxEnabled":true},"in2DMode":false,"pivot":{"x":-1.627272605895996,"y":-6.086402893066406,"z":414.8049011230469},"rotation":{"x":-0.06625787168741226,"y":-0.009880666621029377,"z":0.0006573307327926159,"w":-0.9977546334266663},"size":269.5301513671875,"orthographic":false}