{"cameraMode":{"drawMode":0,"name":"Shaded","section":"Shading Mode"},"sceneLighting":false,"audioPlay":false,"sceneViewState":{"showFog":true,"showMaterialUpdate":false,"showSkybox":false,"showFlares":true,"showImageEffects":true,"showParticleSystems":true},"in2DMode":false,"pivot":{"x":2.229987621307373,"y":1.7389309406280518,"z":-1.8862807750701905},"rotation":{"x":-0.101964071393013,"y":-0.5366622805595398,"z":0.06552942097187042,"w":-0.8350465893745422},"size":22.067840576171876,"orthographic":false}