{"cameraMode":{"drawMode":0,"name":"Shaded","section":"Shading Mode"},"sceneLighting":true,"audioPlay":false,"sceneViewState":{"showFog":true,"showMaterialUpdate":false,"showSkybox":false,"showFlares":true,"showImageEffects":true,"showParticleSystems":true},"in2DMode":false,"pivot":{"x":-0.008430957794189453,"y":0.8984861373901367,"z":-5.860116958618164},"rotation":{"x":-0.020517578348517419,"y":-0.20927657186985017,"z":-0.00439104437828064,"w":0.9776313900947571},"size":50.6361083984375,"orthographic":false}